"user_code","day","avg_temperature_C","atmospheric_pressure","precip_intensity","humidity","clouds"
"01bad5a519","2020-01-11","-1.2111","1016.4000","0.0002","92.0000","6.0000"
"01bad5a519","2020-01-30","0.5056","1004.7000","0.0009","85.0000","100.0000"
"01bad5a519","2020-04-02","-0.2444","994.4000","0.0025","91.0000","87.0000"
"01bad5a519","2020-04-12","5.1778","1016.1000","0.0000","61.0000","91.0000"
"01bad5a519","2020-04-13","4.4278","992.7000","0.0141","94.0000","100.0000"
"01bad5a519","2020-04-16","1.2000","988.3000","0.0009","81.0000","68.0000"
"01bad5a519","2020-04-17","3.0861","996.0500","0.0005","65.0000","55.0000"
"01bad5a519","2020-04-20","8.2333","1022.9000","0.0005","60.0000","99.0000"
"01bad5a519","2020-04-22","6.1519","1026.8000","0.0000","53.6667","50.6667"
"01bad5a519","2020-04-23","5.4426","1014.9333","0.0001","58.6667","36.3333"
"01bad5a519","2020-04-24","2.8463","1002.9000","0.0019","64.3333","80.6667"
"01bad5a519","2020-04-25","2.1722","999.8000","0.0000","62.3333","30.6667"
"01bad5a519","2020-04-26","5.4347","1002.7250","0.0003","64.5000","67.7500"
"01bad5a519","2020-04-27","4.8667","1007.2500","0.0126","63.5000","68.0000"
"01bad5a519","2020-04-28","2.9750","1008.5000","0.0000","64.0000","61.5000"
"01bad5a519","2020-04-29","2.7958","1000.9500","0.0071","77.5000","100.0000"
"01bad5a519","2020-04-30","2.4481","1014.6000","0.0001","67.0000","34.6667"
"01bad5a519","2020-05-01","4.8236","1016.6000","0.0001","55.5000","8.7500"
"01bad5a519","2020-05-02","8.9000","1011.7500","0.0000","51.0000","92.5000"
"01bad5a519","2020-05-03","10.9111","1006.7667","0.0086","65.6667","94.3333"
"01bad5a519","2020-05-04","9.5667","1011.6500","0.0000","68.5000","30.0000"
"01bad5a519","2020-05-05","8.8000","1015.0500","0.0000","67.0000","27.0000"
"01bad5a519","2020-05-06","14.3250","1007.6000","0.0001","42.5000","17.5000"
"01bad5a519","2020-05-07","11.5056","1007.5000","0.0019","40.0000","84.0000"
"01bad5a519","2020-05-08","8.0278","1011.7000","0.0001","58.0000","21.0000"
"01bad5a519","2020-05-09","9.7528","1010.2500","0.0003","55.0000","39.0000"
"01bad5a519","2020-05-10","2.6111","1014.3000","0.0000","76.0000","33.0000"
"01bad5a519","2020-05-11","13.5667","998.4000","0.0019","47.5000","88.0000"
"01bad5a519","2020-05-12","2.0500","997.6000","0.0131","92.0000","100.0000"
"024719e7da","2020-05-07","8.3056","1005.4000","0.0049","79.0000","73.0000"
"05bcfae0a4","2020-04-20","18.9167","1011.2000","0.0000","52.0000","0.0000"
"0d297d2410","2020-01-08","-0.8833","1021.4000","0.0004","90.0000","96.0000"
"0d297d2410","2020-01-11","-2.1889","1015.0000","0.0000","94.0000","100.0000"
"0d297d2410","2020-01-13","2.1833","1003.3000","0.0032","95.0000","98.0000"
"0d297d2410","2020-01-21","6.2389","1036.6000","0.0000","77.0000","61.0000"
"0d297d2410","2020-01-26","-2.2778","1008.4000","0.0011","81.0000","100.0000"
"0d297d2410","2020-02-13","-6.3778","1009.1000","0.0035","87.0000","100.0000"
"0d297d2410","2020-02-24","0.7111","997.1000","0.0007","81.0000","99.0000"
"0d297d2410","2020-03-13","5.0222","997.3000","0.0004","70.0000","90.0000"
"0d297d2410","2020-04-08","8.8167","1015.3000","0.0001","68.0000","54.0000"
"0d297d2410","2020-05-04","22.7667","1015.3000","0.0000","26.0000","84.0000"
"0f2d7af30c","2020-04-15","4.8111","1013.6000","0.0000","49.5000","54.0000"
"0f2d7af30c","2020-04-16","8.3972","1012.1500","0.0003","62.5000","78.5000"
"0f2d7af30c","2020-04-17","10.0870","1011.2667","0.0001","37.0000","43.6667"
"0f2d7af30c","2020-04-18","8.2194","1015.6500","0.0000","44.0000","31.5000"
"0f2d7af30c","2020-04-19","2.9333","1018.2000","0.0000","63.0000","45.0000"
"0f2d7af30c","2020-04-20","9.9667","1019.0000","0.0000","37.0000","0.0000"
"0f2d7af30c","2020-04-29","12.8944","1007.8000","0.0000","53.0000","25.0000"
"0f2d7af30c","2020-04-30","21.3500","1005.5000","0.0004","49.0000","6.0000"
"128d2c7888","2020-04-03","4.3222","1004.0000","0.0000","72.0000","50.0000"
"128d2c7888","2020-04-06","8.4444","1032.8000","0.0000","53.0000","0.0000"
"128d2c7888","2020-04-07","10.5611","1030.5000","0.0000","49.0000","87.0000"
"128d2c7888","2020-04-10","8.8611","1005.2000","0.0269","93.0000","94.0000"
"18c4ac7b38","2020-04-19","0.7389","1010.3000","0.0003","86.0000","96.0000"
"18c4ac7b38","2020-04-20","-0.2056","1016.2000","0.0013","91.0000","15.0000"
"18c4ac7b38","2020-04-21","0.8611","1019.2000","0.0000","80.0000","0.0000"
"18c4ac7b38","2020-04-22","4.4000","1013.0000","0.0005","66.0000","100.0000"
"18c4ac7b38","2020-04-23","2.6222","1010.7000","0.0000","51.0000","100.0000"
"18c4ac7b38","2020-04-24","2.4667","1006.2000","0.0000","61.0000","100.0000"
"18c4ac7b38","2020-04-25","3.9889","997.4000","0.0000","86.0000","71.0000"
"1942df1c47","2020-04-11","11.7389","1013.5000","0.0012","71.0000","3.0000"
"1942df1c47","2020-04-12","19.5056","1011.8000","0.0014","43.0000","14.0000"
"1942df1c47","2020-04-14","11.4611","1017.1000","0.0008","21.0000","0.0000"
"1942df1c47","2020-04-19","15.2111","1013.8000","0.0000","46.0000","39.0000"
"1942df1c47","2020-04-20","30.6611","1009.9000","0.0000","8.0000","5.0000"
"1942df1c47","2020-04-22","25.9111","1013.0000","0.0000","11.0000","0.0000"
"1942df1c47","2020-04-24","36.2389","1007.5000","0.0000","5.0000","0.0000"
"1942df1c47","2020-04-25","22.1574","1012.4444","0.0009","48.7778","20.0000"
"1942df1c47","2020-04-26","29.3709","1009.1846","0.0000","8.5385","54.9231"
"1942df1c47","2020-04-27","23.5282","1012.0538","0.0000","20.5385","2.4615"
"1942df1c47","2020-04-28","26.0042","1011.8250","0.0000","12.0000","0.7500"
"1942df1c47","2020-04-29","27.1444","1010.8000","0.0000","11.0000","59.0000"
"1942df1c47","2020-04-30","36.8907","1006.6000","0.0000","3.6667","71.6667"
"1942df1c47","2020-05-01","26.5852","1010.4000","0.0000","26.6667","1.0000"
"1942df1c47","2020-05-02","28.3778","1011.5000","0.0000","11.7500","0.0000"
"1942df1c47","2020-05-03","28.1143","1010.7714","0.0000","13.8571","1.2857"
"1942df1c47","2020-05-04","20.7089","1011.4400","0.0000","35.2000","0.4000"
"1942df1c47","2020-05-05","21.8389","1011.0000","0.0000","11.0000","0.0000"
"1942df1c47","2020-05-06","29.4667","1008.2667","0.0000","3.6667","34.3333"
"1942df1c47","2020-05-07","35.3322","1006.4200","0.0000","4.2000","7.4000"
"1942df1c47","2020-05-09","25.4167","1010.9000","0.0000","39.0000","61.0000"
"1942df1c47","2020-05-11","27.0389","1008.7500","0.0000","20.5000","0.0000"
"1ce1d77659","2020-05-04","17.3778","1005.5500","0.0018","45.2000","40.9000"
"1ce1d77659","2020-05-05","13.0528","1013.0000","0.0012","47.5000","44.0000"
"1ce1d77659","2020-05-06","9.6074","1009.0667","0.0066","71.6667","74.6667"
"1ce1d77659","2020-05-07","12.5542","1009.3000","0.0009","58.1250","42.3750"
"1ce1d77659","2020-05-08","12.9741","1010.6000","0.0078","45.0000","98.0000"
"1ce1d77659","2020-05-09","5.6435","1013.9333","0.0007","47.3333","9.3333"
"1ce1d77659","2020-05-10","10.2361","1017.7000","0.0006","54.5000","7.7500"
"1ce1d77659","2020-05-11","11.1204","1011.5667","0.0048","59.3333","26.6667"
"1ed25f66e9","2020-05-05","11.7806","1015.7500","0.0012","68.5000","98.5000"
"1ed25f66e9","2020-05-06","14.8019","1021.6667","0.0001","58.6667","36.3333"
"1ed25f66e9","2020-05-08","9.8778","1018.9000","0.0000","79.0000","54.0000"
"1ed25f66e9","2020-05-09","15.8611","1013.7000","0.0020","77.0000","100.0000"
"1ed25f66e9","2020-05-10","19.2806","1004.5000","0.0063","76.0000","64.0000"
"1ed25f66e9","2020-05-12","7.6667","1020.0000","0.0000","61.0000","83.0000"
"1fa680ad84","2020-04-23","18.4167","1018.6000","0.0000","18.0000","3.0000"
"1fa680ad84","2020-04-24","9.8333","1013.8000","0.0000","51.0000","100.0000"
"1fa680ad84","2020-04-25","16.6611","994.9000","0.0017","51.0000","100.0000"
"1fa680ad84","2020-05-06","15.2000","1004.1000","0.0018","60.0000","58.0000"
"224babc773","2020-04-28","8.3333","1009.4500","0.0000","55.5000","91.5000"
"224babc773","2020-04-29","8.3083","1003.4500","0.0008","66.5000","96.5000"
"22d1074581","2020-03-26","9.9981","1022.9333","0.0000","51.6667","48.3333"
"22d1074581","2020-03-27","6.4611","1024.1000","0.0000","70.0000","0.0000"
"22d1074581","2020-03-28","7.5278","1031.5000","0.0000","59.0000","70.0000"
"22d1074581","2020-04-26","14.0278","1012.5000","0.0000","55.0000","68.0000"
"276ab22485","2020-01-20","1.6944","1024.9000","0.0023","84.0000","97.0000"
"276ab22485","2020-03-14","17.3000","1021.1000","0.0000","29.0000","0.0000"
"276ab22485","2020-03-15","11.3972","1018.1000","0.0000","41.0000","9.0000"
"276ab22485","2020-03-16","15.4444","1014.8000","0.0000","38.0000","100.0000"
"276ab22485","2020-03-17","14.5333","1018.7000","0.0000","58.0000","98.0000"
"276ab22485","2020-03-19","10.2833","1018.0000","0.0000","71.0000","25.0000"
"276ab22485","2020-03-23","15.8944","1016.0000","0.0000","59.0000","87.0000"
"276ab22485","2020-03-27","15.2889","1020.1000","0.0000","49.0000","99.0000"
"276ab22485","2020-03-28","5.2667","1021.3000","0.0000","70.0000","12.0000"
"276ab22485","2020-04-14","10.1722","1018.3000","0.0022","91.0000","100.0000"
"276ab22485","2020-04-16","10.1278","1022.6000","0.0000","73.0000","45.0000"
"276ab22485","2020-04-17","16.5389","1016.5000","0.0000","50.0000","0.0000"
"276ab22485","2020-04-24","21.5833","1009.3000","0.0000","37.0000","100.0000"
"276ab22485","2020-04-25","23.1611","1015.0000","0.0026","44.0000","50.0000"
"276ab22485","2020-04-27","30.0167","1006.0000","0.0000","16.0000","0.0000"
"276ab22485","2020-05-06","22.1694","1014.3000","0.0039","50.0000","29.0000"
"276ab22485","2020-05-07","24.1889","1011.1000","0.0000","40.0000","2.0000"
"276ab22485","2020-05-08","20.4667","1005.5000","0.0013","46.0000","96.0000"
"276ab22485","2020-05-11","23.2333","1010.7000","0.0000","47.0000","100.0000"
"276ab22485","2020-05-12","25.2167","1011.2000","0.0000","40.0000","99.0000"
"29d2a4bb3a","2020-05-02","15.1889","1012.1000","0.0000","55.0000","44.0000"
"2bb535769b","2020-05-11","5.9000","1018.7500","0.0000","59.0000","4.0000"
"2bb535769b","2020-05-12","2.9222","1023.8000","0.0000","81.0000","0.0000"
"2e94435085","2020-04-28","24.9389","1012.8000","0.0025","57.0000","83.0000"
"2e94435085","2020-04-30","19.3667","1016.2000","0.0000","53.0000","0.0000"
"324912eca4","2020-05-05","22.1944","1014.2000","0.0004","77.0000","15.0000"
"35c7355282","2020-04-22","3.5889","1016.2000","0.0002","71.0000","76.0000"
"35c7355282","2020-04-23","2.0111","1011.0000","0.0000","56.0000","100.0000"
"35c7355282","2020-05-03","11.2556","1012.4000","0.0004","84.0000","21.0000"
"3769e88689","2020-04-26","14.5583","1013.0000","0.0017","42.5000","41.5000"
"3769e88689","2020-04-27","21.3204","1010.7333","0.0000","17.0000","29.0000"
"3769e88689","2020-04-28","15.4333","1014.1500","0.0000","34.0000","19.5000"
"3769e88689","2020-04-29","18.0222","1016.9000","0.0000","21.0000","28.5000"
"3769e88689","2020-04-30","23.0778","1004.3000","0.0000","23.0000","97.0000"
"3769e88689","2020-05-01","13.8611","1014.0000","0.0019","74.0000","73.0000"
"3769e88689","2020-05-02","17.6111","1011.7000","0.0000","43.0000","17.0000"
"3769e88689","2020-05-03","25.3333","1009.1000","0.0000","12.0000","5.0000"
"3769e88689","2020-05-06","23.7167","1013.6000","0.0000","17.0000","61.0000"
"3769e88689","2020-05-07","16.6167","1017.3000","0.0000","10.0000","0.0000"
"3769e88689","2020-05-08","13.7667","1017.4500","0.0000","28.0000","15.0000"
"3769e88689","2020-05-10","10.1778","1018.1000","0.0013","45.0000","15.0000"
"3769e88689","2020-05-11","6.2667","1010.1000","0.0006","91.0000","77.0000"
"3acfbb328e","2020-04-06","14.1778","1014.1000","0.0000","55.0000","60.0000"
"3acfbb328e","2020-04-07","18.7222","1011.1000","0.0000","41.0000","92.0000"
"3acfbb328e","2020-04-08","19.7500","1001.6000","0.0003","63.0000","31.0000"
"3acfbb328e","2020-04-09","5.2944","999.4000","0.0041","71.0000","49.0000"
"3acfbb328e","2020-04-10","5.9472","1009.5000","0.0012","52.5000","22.0000"
"3acfbb328e","2020-04-11","12.2778","1016.2000","0.0000","37.0000","5.0000"
"3acfbb328e","2020-04-12","20.8944","1015.2000","0.0000","45.0000","80.0000"
"3acfbb328e","2020-04-13","14.7759","1008.4667","0.0018","65.6667","24.3333"
"3acfbb328e","2020-04-14","7.9028","1016.9000","0.0034","63.0000","68.0000"
"3acfbb328e","2020-04-15","8.4556","1014.9500","0.0001","37.5000","13.5000"
"3acfbb328e","2020-04-16","7.6389","1022.0000","0.0016","36.5000","49.5000"
"3acfbb328e","2020-04-17","9.4426","1014.5667","0.0425","71.6667","94.3333"
"3acfbb328e","2020-04-18","11.2111","1012.5000","0.0006","42.0000","25.0000"
"3acfbb328e","2020-04-19","14.2194","1010.2500","0.0000","47.5000","71.5000"
"3acfbb328e","2020-04-20","12.8315","1004.6667","0.0017","44.3333","92.3333"
"3acfbb328e","2020-04-21","12.7500","1006.6000","0.0084","56.0000","33.6667"
"3acfbb328e","2020-04-22","11.2833","1014.8000","0.0000","22.0000","0.0000"
"3acfbb328e","2020-04-23","16.4722","1013.7000","0.0003","40.0000","96.0000"
"3acfbb328e","2020-04-26","7.0278","1009.5000","0.0076","81.0000","100.0000"
"3acfbb328e","2020-04-27","8.9241","1019.9000","0.0011","57.3333","36.6667"
"3acfbb328e","2020-04-29","15.2917","1016.8000","0.0023","77.0000","72.0000"
"3acfbb328e","2020-04-30","14.1444","1006.3000","0.0162","97.0000","97.0000"
"3acfbb328e","2020-05-01","11.1611","1015.0000","0.0015","79.0000","19.0000"
"3acfbb328e","2020-05-02","21.2944","1016.8000","0.0000","39.0000","33.0000"
"3acfbb328e","2020-05-03","22.1222","1006.4000","0.0035","65.0000","29.0000"
"3acfbb328e","2020-05-04","10.6944","1016.0000","0.0000","57.0000","39.0000"
"3acfbb328e","2020-05-06","7.5444","1008.0000","0.0257","92.0000","99.0000"
"3acfbb328e","2020-05-08","13.3056","1006.1000","0.0268","74.0000","100.0000"
"3acfbb328e","2020-05-09","3.6556","1016.2000","0.0000","44.0000","2.0000"
"3acfbb328e","2020-05-11","11.7722","1013.1000","0.0023","62.0000","41.0000"
"425969dc69","2020-03-19","6.2250","1026.4500","0.0175","86.5000","100.0000"
"425969dc69","2020-03-20","8.2722","1029.0000","0.0000","61.3333","88.6667"
"425969dc69","2020-03-21","3.0833","1021.6000","0.0000","66.5000","40.5000"
"425969dc69","2020-03-22","5.6528","1027.8000","0.0000","62.5000","0.0000"
"425969dc69","2020-03-23","12.1778","1026.6000","0.0000","31.0000","0.0000"
"425969dc69","2020-03-31","5.4153","1026.5500","0.0039","62.2500","78.5000"
"425969dc69","2020-04-03","5.4185","996.4333","0.0050","74.3333","81.6667"
"425969dc69","2020-04-04","7.6370","1010.7333","0.0001","58.3333","32.0000"
"425969dc69","2020-04-09","20.5222","1025.9000","0.0000","49.0000","1.0000"
"425969dc69","2020-04-11","13.8056","1024.0000","0.0000","70.0000","81.0000"
"425969dc69","2020-04-12","21.3333","1012.8000","0.0000","37.0000","74.5000"
"425969dc69","2020-04-13","5.4667","1033.4000","0.0000","58.0000","49.0000"
"425969dc69","2020-04-15","4.2278","1025.3000","0.0000","78.0000","87.0000"
"425969dc69","2020-04-17","9.7556","1017.1000","0.0000","80.0000","54.0000"
"425969dc69","2020-04-21","9.1056","1020.9000","0.0000","75.0000","0.0000"
"425969dc69","2020-04-25","15.9500","1015.5000","0.0000","43.0000","11.0000"
"425969dc69","2020-05-01","5.3833","994.4000","0.0000","100.0000","69.0000"
"42a99d8248","2020-04-23","18.3222","1010.2500","0.0097","72.5000","69.0000"
"42a99d8248","2020-04-24","22.7500","1004.6000","0.0017","59.0000","38.0000"
"42a99d8248","2020-04-25","16.0278","1014.0000","0.0104","75.0000","82.0000"
"42a99d8248","2020-04-27","15.8833","1020.1000","0.0000","39.0000","0.0000"
"42a99d8248","2020-04-29","22.5333","1015.2000","0.0002","65.0000","66.0000"
"42a99d8248","2020-05-01","17.1611","1012.8000","0.0006","57.0000","50.0000"
"42a99d8248","2020-05-06","18.0472","1008.7000","0.0040","49.0000","30.5000"
"42a99d8248","2020-05-08","18.8611","1011.3000","0.0003","42.0000","79.0000"
"42a99d8248","2020-05-11","15.9167","1018.3000","0.0015","34.0000","0.0000"
"43e1055eb8","2020-05-12","19.4111","1017.6000","0.0000","57.0000","9.0000"
"45cc34419c","2020-04-28","12.0722","1011.9000","0.0000","66.0000","1.0000"
"45cc34419c","2020-04-29","15.3500","1006.8000","0.2567","100.0000","92.0000"
"45cc34419c","2020-05-01","21.9611","1018.8000","0.0000","37.0000","0.0000"
"4985083f4d","2020-02-02","1.6000","985.4000","0.0385","87.0000","100.0000"
"4985083f4d","2020-05-06","17.7111","1003.8000","0.0100","76.0000","79.0000"
"4985083f4d","2020-05-07","10.2889","999.5000","0.0018","100.0000","83.0000"
"4985083f4d","2020-05-08","9.4056","1010.3000","0.0017","81.0000","99.0000"
"4985083f4d","2020-05-09","11.5037","1010.6667","0.0000","61.0000","56.0000"
"4985083f4d","2020-05-10","7.3778","1007.8000","0.0000","67.0000","98.0000"
"4985083f4d","2020-05-11","4.9333","1008.6000","0.0000","65.0000","11.0000"
"4b949dcc71","2020-05-11","13.9333","1011.6000","0.0040","47.0000","63.0000"
"4c2702c3e1","2020-01-20","5.0972","1047.7500","0.0000","72.0000","9.0000"
"4c2702c3e1","2020-01-21","3.1315","1041.7333","0.0000","79.6667","30.0000"
"4c2702c3e1","2020-01-22","3.7000","1037.9500","0.0000","90.5000","65.5000"
"4c2702c3e1","2020-01-23","5.2639","1029.2500","0.0000","91.0000","78.5000"
"4c2702c3e1","2020-01-24","4.5944","1023.9000","0.0000","90.0000","85.0000"
"4c2702c3e1","2020-01-25","6.3667","1018.3000","0.0000","90.0000","67.0000"
"4c2702c3e1","2020-01-26","8.4056","1006.3000","0.0000","91.0000","82.0000"
"4c2702c3e1","2020-01-27","7.9778","1003.2000","0.0000","95.0000","90.0000"
"4c2702c3e1","2020-01-28","5.1315","998.6667","0.0033","82.0000","72.3333"
"4c2702c3e1","2020-01-29","7.0056","1010.6500","0.0000","87.5000","72.5000"
"4c2702c3e1","2020-01-30","11.3333","1003.5000","0.0000","99.0000","91.0000"
"4c2702c3e1","2020-01-31","10.0250","1006.9000","0.0035","99.5000","92.5000"
"4c2702c3e1","2020-02-01","8.4444","1011.9000","0.0000","73.0000","66.0000"
"4c2702c3e1","2020-02-02","10.4583","1009.3000","0.0000","93.0000","100.0000"
"4c2702c3e1","2020-02-03","6.6444","1016.7000","0.0000","80.0000","77.0000"
"4c2702c3e1","2020-02-04","6.4500","1033.7000","0.0000","80.0000","1.0000"
"4c2702c3e1","2020-02-05","5.3278","1036.3500","0.0000","85.5000","41.5000"
"4c2702c3e1","2020-02-06","6.6778","1025.0000","0.0000","84.0000","0.0000"
"4c2702c3e1","2020-02-07","9.4639","1012.9000","0.0000","88.5000","86.0000"
"4c2702c3e1","2020-02-08","7.6167","1016.6000","0.0000","80.0000","100.0000"
"4c2702c3e1","2020-02-10","7.3722","1002.4000","0.1000","75.0000","54.5000"
"4c2702c3e1","2020-02-11","6.2278","1012.7000","0.0000","75.0000","79.0000"
"4c2702c3e1","2020-02-14","10.5944","1016.6000","0.0030","90.0000","100.0000"
"4c2702c3e1","2020-02-21","5.3111","1025.1000","0.0000","87.0000","71.0000"
"4c2702c3e1","2020-02-22","10.7389","1021.2000","0.0000","83.5000","99.0000"
"4c2702c3e1","2020-02-23","10.2852","1020.0000","0.0000","88.3333","100.0000"
"4c2702c3e1","2020-02-25","5.7389","1003.6000","0.0000","85.0000","36.0000"
"4c2702c3e1","2020-03-01","6.2333","991.0000","0.0000","74.0000","67.0000"
"4c2702c3e1","2020-03-06","6.4444","1013.7000","0.0000","89.0000","5.0000"
"4c2702c3e1","2020-03-07","7.0194","1017.3000","0.0000","94.0000","71.5000"
"4c2702c3e1","2020-03-08","8.2611","1008.9000","0.0000","89.0000","62.0000"
"4c2702c3e1","2020-03-09","10.3333","1009.6000","0.0000","84.0000","100.0000"
"4c2702c3e1","2020-03-10","10.7278","1007.4000","0.0000","90.0000","100.0000"
"4c2702c3e1","2020-03-11","10.4722","1009.1000","0.0000","83.0000","52.0000"
"4c2702c3e1","2020-03-12","7.7111","1015.9000","0.0000","65.0000","1.0000"
"4c2702c3e1","2020-03-14","9.3611","1013.5000","0.0000","89.0000","23.0000"
"4c2702c3e1","2020-03-16","8.3556","1025.8000","0.0000","69.0000","32.5000"
"4c2702c3e1","2020-03-17","8.5222","1027.3000","0.0000","81.0000","54.0000"
"4c2702c3e1","2020-03-18","9.7111","1025.9000","0.0000","94.0000","98.0000"
"4c2702c3e1","2020-03-19","8.8861","1024.6500","0.0000","99.0000","100.0000"
"4c2702c3e1","2020-03-20","6.3611","1026.7000","0.0000","87.0000","100.0000"
"4c2702c3e1","2020-03-24","10.8333","1024.8000","0.0000","60.0000","10.0000"
"4c2702c3e1","2020-04-20","10.0611","1015.5000","0.0000","70.0000","64.0000"
"4c2702c3e1","2020-04-22","16.0222","1019.0000","0.0000","60.0000","62.0000"
"4c2702c3e1","2020-04-23","12.2556","1019.7000","0.0000","68.0000","54.0000"
"4c2702c3e1","2020-04-25","9.5056","1014.0000","0.0000","83.0000","84.0000"
"4c2702c3e1","2020-04-26","7.8500","1012.6000","0.0000","86.0000","100.0000"
"4c2702c3e1","2020-04-27","11.0583","1007.4500","0.0000","77.5000","61.5000"
"4c2702c3e1","2020-04-28","10.2083","1003.4500","0.0115","88.5000","100.0000"
"4c2702c3e1","2020-04-29","8.4500","1003.3000","0.0000","84.0000","36.0000"
"4c2702c3e1","2020-04-30","9.6361","995.7500","0.0000","79.5000","59.0000"
"4c2702c3e1","2020-05-03","11.9056","1016.7000","0.0000","76.0000","49.0000"
"4c2702c3e1","2020-05-04","11.9167","1018.3000","0.0000","83.0000","44.0000"
"4c2702c3e1","2020-05-06","10.8750","1024.4000","0.0000","74.0000","24.5000"
"4c2702c3e1","2020-05-07","13.2500","1020.6000","0.0000","76.0000","86.0000"
"4d23664d6f","2020-04-15","9.9000","1022.6000","0.0000","74.0000","18.0000"
"4d23664d6f","2020-04-18","11.7889","1016.2000","0.0036","76.0000","59.5000"
"4d23664d6f","2020-04-19","11.4556","1018.1000","0.0013","76.0000","14.0000"
"4d23664d6f","2020-04-24","9.6667","1018.2000","0.0010","99.0000","78.0000"
"4e1e508f56","2020-04-25","5.3944","1017.3000","0.0000","82.0000","0.0000"
"4e1e508f56","2020-04-27","10.5111","1011.7000","0.0014","83.0000","30.0000"
"4e1e508f56","2020-04-28","15.0500","1014.0000","0.0004","43.0000","27.0000"
"4e1e508f56","2020-04-29","9.1222","1015.7000","0.0000","65.0000","10.0000"
"4e1e508f56","2020-04-30","17.1333","1008.3000","0.0000","57.0000","35.0000"
"4e1e508f56","2020-05-01","17.0500","1012.5000","0.0003","56.0000","87.0000"
"4e1e508f56","2020-05-05","7.1944","1018.5000","0.0001","76.0000","0.0000"
"4e1e508f56","2020-05-07","7.7389","1021.0000","0.0000","71.0000","65.0000"
"4e1e508f56","2020-05-11","5.3736","1025.6750","0.0009","68.7500","92.5000"
"50249775be","2020-05-02","12.6000","1014.9000","0.0000","38.0000","35.0000"
"50249775be","2020-05-03","18.0167","1012.8000","0.0006","58.0000","25.0000"
"50249775be","2020-05-04","13.9444","1014.1000","0.0004","82.0000","78.0000"
"50249775be","2020-05-05","13.3222","1011.8000","0.0013","87.0000","96.0000"
"50249775be","2020-05-06","12.3889","1005.5000","0.0000","93.0000","57.0000"
"5214210ed1","2020-04-17","22.4722","1011.4000","0.0000","43.0000","72.0000"
"5214210ed1","2020-04-18","21.6833","1015.9000","0.0000","42.0000","60.0000"
"5214210ed1","2020-04-19","22.3444","1015.7000","0.0004","38.0000","13.0000"
"5214210ed1","2020-04-22","19.7056","1023.5000","0.0014","70.0000","51.0000"
"5214210ed1","2020-04-25","24.5111","1013.8000","0.0011","48.0000","100.0000"
"5228cb9439","2020-04-19","6.0778","1014.0000","0.0142","70.0000","92.0000"
"5228cb9439","2020-04-20","1.4278","1016.1000","0.0000","84.0000","15.0000"
"5228cb9439","2020-04-21","7.5222","1018.9000","0.0000","57.0000","1.0000"
"5228cb9439","2020-04-24","8.0722","1003.3000","0.0000","42.0000","100.0000"
"5228cb9439","2020-04-25","6.2417","997.0000","0.0105","81.0000","96.5000"
"5228cb9439","2020-04-27","7.9778","1004.2000","0.0000","37.0000","57.0000"
"522efc94b9","2020-04-15","21.0694","1015.4500","0.0005","44.0000","52.0000"
"522efc94b9","2020-04-16","16.7722","1010.8000","0.0016","67.0000","51.0000"
"522efc94b9","2020-04-17","14.4194","1013.6500","0.0000","70.5000","78.5000"
"522efc94b9","2020-04-19","16.9370","1017.2667","0.0014","60.0000","32.0000"
"522efc94b9","2020-04-20","16.9222","1019.4000","0.0000","59.0000","33.0000"
"522efc94b9","2020-04-21","19.0944","1022.5000","0.0000","57.0000","0.0000"
"522efc94b9","2020-04-22","20.1444","1023.8000","0.0018","71.0000","6.0000"
"522efc94b9","2020-04-24","26.5833","1018.2000","0.0000","36.0000","2.0000"
"522efc94b9","2020-04-27","23.1833","1018.6000","0.0012","46.0000","12.0000"
"522efc94b9","2020-04-29","19.6111","1014.9000","0.0000","66.0000","84.0000"
"522efc94b9","2020-04-30","20.3611","1018.4667","0.0000","38.6667","13.6667"
"522efc94b9","2020-05-02","17.0222","1020.3000","0.0000","75.0000","84.0000"
"522efc94b9","2020-05-03","17.6278","1020.9000","0.0000","39.0000","1.0000"
"588d6b2046","2020-04-20","14.1444","1020.3000","0.0026","81.0000","61.0000"
"588d6b2046","2020-04-21","13.8389","1024.7000","0.0011","83.0000","40.0000"
"588d6b2046","2020-04-22","19.6444","1025.4000","0.0007","61.0000","9.0000"
"588d6b2046","2020-04-23","21.9722","1019.7000","0.0000","60.0000","9.0000"
"5d200bd1c6","2020-04-14","7.3861","1003.5000","0.0066","80.0000","92.5000"
"5d200bd1c6","2020-04-15","1.7000","1003.1000","0.0000","63.0000","100.0000"
"5efbee746a","2020-04-15","30.3778","1010.8333","0.0003","76.0000","60.6667"
"5efbee746a","2020-04-16","28.7583","1009.5500","0.0006","86.5000","61.0000"
"5efbee746a","2020-04-17","28.2944","1007.5000","0.0041","88.0000","90.0000"
"60a7d24326","2020-04-15","15.5667","1010.7000","0.0000","17.0000","0.0000"
"60a7d24326","2020-04-16","12.0500","1010.3000","0.0000","25.0000","0.0000"
"60a7d24326","2020-04-17","7.1222","1011.7000","0.0000","35.0000","26.0000"
"60a7d24326","2020-04-27","35.0889","1010.7000","0.0000","6.0000","3.0000"
"638c757e73","2020-04-23","4.7917","1009.2000","0.0022","45.5000","96.0000"
"638c757e73","2020-04-24","3.9167","1003.2667","0.0032","67.6667","88.6667"
"638c757e73","2020-04-25","9.1556","995.6500","0.0163","68.0000","83.0000"
"638c757e73","2020-04-26","4.5278","1001.8500","0.0000","50.5000","45.0000"
"638c757e73","2020-04-28","1.1611","1007.7000","0.0000","72.0000","75.0000"
"638c757e73","2020-04-30","1.8889","1009.3000","0.0000","75.0000","12.0000"
"638c757e73","2020-05-03","11.2556","1012.4000","0.0004","84.0000","21.0000"
"638c757e73","2020-05-07","12.8389","1000.1000","0.0000","83.0000","80.0000"
"638c757e73","2020-05-08","12.0222","1012.2000","0.0009","59.0000","99.0000"
"638c757e73","2020-05-09","11.0611","1011.5000","0.0000","70.0000","65.0000"
"638c757e73","2020-05-10","12.5611","1004.3000","0.0003","57.0000","100.0000"
"6be5033971","2020-01-06","-1.7417","1030.2000","0.0000","79.5000","57.0000"
"6be5033971","2020-02-10","-3.5222","1018.1000","0.0000","79.0000","37.0000"
"6be5033971","2020-02-12","2.8333","1003.4000","0.0025","83.0000","99.0000"
"6be5033971","2020-02-24","3.5667","1006.4000","0.0032","80.0000","97.0000"
"6be5033971","2020-02-25","6.8444","1015.8000","0.0000","65.0000","85.0000"
"6be5033971","2020-03-07","11.0944","1010.1000","0.0115","73.0000","82.0000"
"6be5033971","2020-04-02","0.1889","1014.4000","0.0000","59.0000","17.0000"
"6be5033971","2020-04-09","10.7204","1022.1000","0.0000","56.3333","3.3333"
"6be5033971","2020-04-11","11.6556","1021.1000","0.0000","22.0000","81.0000"
"6be5033971","2020-04-12","6.0889","1026.1500","0.0000","33.0000","1.0000"
"6be5033971","2020-04-13","5.1167","1016.9000","0.0000","49.0000","8.0000"
"6be5033971","2020-04-15","5.7861","1013.7500","0.0000","44.5000","40.5000"
"6be5033971","2020-04-16","12.5333","1008.7500","0.0001","46.5000","92.2500"
"6be5033971","2020-04-17","9.4611","1011.1333","0.0001","36.3333","39.0000"
"6be5033971","2020-04-18","8.8019","1016.0333","0.0000","39.0000","43.0000"
"6be5033971","2020-04-19","7.8750","1016.3500","0.0000","40.7500","67.2500"
"6be5033971","2020-04-20","9.0519","1014.4000","0.0009","46.3333","65.0000"
"6be5033971","2020-04-21","7.6926","1023.0000","0.0002","53.3333","37.3333"
"6be5033971","2020-04-22","9.8250","1021.0750","0.0001","51.0000","63.0000"
"6be5033971","2020-04-23","1.9444","1021.3000","0.0003","76.0000","8.0000"
"6be5033971","2020-04-24","14.7981","1009.6333","0.0000","41.3333","43.0000"
"6be5033971","2020-04-25","12.8870","999.0667","0.0046","54.6667","100.0000"
"6be5033971","2020-04-26","9.5741","1000.2667","0.0198","68.6667","96.0000"
"6be5033971","2020-04-27","13.3250","1010.1000","0.0003","35.5000","34.5000"
"6be5033971","2020-04-28","11.8722","1012.2000","0.0004","44.5000","64.5000"
"6be5033971","2020-04-29","7.5056","1014.6000","0.0003","76.0000","38.0000"
"6be5033971","2020-04-30","15.2542","1007.1000","0.0043","54.7500","30.0000"
"6be5033971","2020-05-01","12.7167","1008.9000","0.0014","85.0000","98.3333"
"6be5033971","2020-05-02","14.8056","1007.8000","0.0019","78.3333","48.6667"
"6be5033971","2020-05-03","15.7500","1007.1000","0.0063","79.5000","73.5000"
"6be5033971","2020-05-04","14.0556","1011.5500","0.0020","83.0000","87.5000"
"6be5033971","2020-05-05","13.5583","1008.2500","0.0042","83.0000","81.5000"
"6be5033971","2020-05-06","12.2194","1004.6500","0.0003","73.5000","76.0000"
"6be5033971","2020-05-07","7.0583","1004.5000","0.0674","87.0000","100.0000"
"6be5033971","2020-05-09","10.5259","1014.9000","0.0001","57.3333","79.0000"
"6be5033971","2020-05-10","15.4528","1011.8500","0.0000","50.5000","95.0000"
"6be5033971","2020-05-11","18.4389","1009.4500","0.0007","53.0000","10.0000"
"6be5033971","2020-05-12","16.4778","999.6500","0.0028","64.0000","82.0000"
"71980b2daf","2020-03-17","2.4704","1021.0000","0.0000","67.0000","67.0000"
"71980b2daf","2020-03-18","4.1306","1021.3000","0.0000","75.5000","93.5000"
"71980b2daf","2020-03-19","7.9528","1014.0000","0.0000","69.5000","96.0000"
"71980b2daf","2020-03-20","2.1222","1012.4000","0.0000","76.0000","2.0000"
"71980b2daf","2020-03-22","-2.7861","1024.3000","0.0024","69.0000","47.5000"
"71980b2daf","2020-03-24","-3.7000","1036.1000","0.0000","61.0000","1.0000"
"71980b2daf","2020-03-26","1.8778","1032.5000","0.0000","53.0000","60.0000"
"71980b2daf","2020-04-02","2.8778","1003.3000","0.0005","72.0000","99.0000"
"71980b2daf","2020-04-07","7.6722","1035.0000","0.0000","39.0000","1.0000"
"71980b2daf","2020-04-10","9.4611","1011.8000","0.0003","42.0000","82.0000"
"71980b2daf","2020-04-11","2.1333","1014.6500","0.0002","70.5000","92.5000"
"71980b2daf","2020-04-12","1.0417","1022.5500","0.0003","63.5000","47.5000"
"71980b2daf","2020-04-13","8.0889","1011.0500","0.0001","42.0000","90.0000"
"71980b2daf","2020-04-14","9.7000","998.9000","0.0028","64.0000","73.0000"
"71980b2daf","2020-04-15","2.1500","1001.6000","0.0008","67.0000","60.0000"
"71980b2daf","2020-04-16","3.7222","997.2500","0.0016","68.5000","91.0000"
"71980b2daf","2020-04-17","0.8278","995.6000","0.0000","80.0000","71.0000"
"71980b2daf","2020-04-18","4.2278","1001.3000","0.0007","60.0000","26.0000"
"71980b2daf","2020-04-19","2.5722","1009.7000","0.0006","74.0000","78.0000"
"71980b2daf","2020-04-20","0.4389","1015.7000","0.0006","86.0000","22.0000"
"71980b2daf","2020-04-21","4.5000","1017.3000","0.0026","74.0000","96.0000"
"71980b2daf","2020-04-22","4.8611","1014.2000","0.0000","57.0000","32.0000"
"71980b2daf","2020-04-24","2.2583","1007.3500","0.0001","54.5000","87.0000"
"71980b2daf","2020-04-25","4.8389","997.8000","0.0010","83.0000","100.0000"
"71980b2daf","2020-04-26","4.8861","1003.3000","0.0000","80.0000","17.0000"
"71980b2daf","2020-04-27","3.7722","1003.8000","0.0000","48.0000","46.5000"
"71980b2daf","2020-04-28","3.4194","1007.0500","0.0008","58.0000","83.5000"
"71980b2daf","2020-04-29","5.7556","1007.5000","0.0030","45.0000","98.0000"
"71980b2daf","2020-04-30","8.1611","1003.4000","0.0000","49.0000","60.0000"
"71980b2daf","2020-05-01","1.7889","1015.2000","0.0005","91.0000","81.0000"
"71980b2daf","2020-05-02","8.8667","1016.0000","0.0000","50.0000","15.0000"
"71980b2daf","2020-05-03","13.2889","1014.8000","0.0026","48.0000","72.0000"
"71980b2daf","2020-05-04","18.1111","1012.7000","0.0099","41.0000","70.0000"
"71980b2daf","2020-05-05","12.0833","1010.5000","0.0045","98.0000","100.0000"
"71980b2daf","2020-05-06","11.9111","1005.6000","0.0000","93.0000","60.0000"
"71980b2daf","2020-05-08","8.4167","1008.8000","0.0006","84.0000","57.0000"
"71980b2daf","2020-05-10","10.7667","1005.0000","0.0000","61.0000","100.0000"
"71980b2daf","2020-05-11","13.3889","1007.0000","0.0000","46.0000","93.0000"
"71980b2daf","2020-05-12","14.8667","998.9000","0.0000","67.0000","34.0000"
"78cc008261","2020-05-02","9.7833","1012.0500","0.0031","69.0000","73.0000"
"78cc008261","2020-05-03","4.5093","1017.8333","0.0002","61.3333","53.3333"
"78cc008261","2020-05-04","7.7611","1024.9000","0.0001","49.0000","0.0000"
"78cc008261","2020-05-05","13.6444","1026.4000","0.0000","39.5000","1.5000"
"78cc008261","2020-05-06","15.7806","1023.3500","0.0000","38.5000","6.0000"
"78cc008261","2020-05-08","11.1500","1019.5000","0.0000","42.0000","2.0000"
"78cc008261","2020-05-09","17.7583","1016.8000","0.0000","30.5000","2.5000"
"78cc008261","2020-05-10","19.5250","1009.5000","0.0027","36.5000","80.0000"
"78cc008261","2020-05-11","22.0111","1009.7000","0.0013","40.0000","97.0000"
"78cc008261","2020-05-12","16.0000","1005.7000","0.0002","68.0000","99.0000"
"7d2c87fb7e","2020-04-28","10.0056","1008.5000","0.0000","28.0000","81.0000"
"7d2c87fb7e","2020-04-29","6.3611","1005.0000","0.0046","50.0000","100.0000"
"7d2c87fb7e","2020-04-30","1.9250","1009.7000","0.0002","75.0000","49.0000"
"7d2c87fb7e","2020-05-01","6.8111","1015.0000","0.0000","53.0000","99.0000"
"7d2c87fb7e","2020-05-02","13.6778","1009.7000","0.0043","91.0000","82.0000"
"7d2c87fb7e","2020-05-07","12.7222","1001.2000","0.0156","86.0000","94.0000"
"83161408c1","2020-04-18","12.6889","1014.1000","0.0000","87.0000","26.0000"
"84e80605a4","2020-04-14","8.9667","1025.1000","0.0003","60.6667","25.6667"
"84e80605a4","2020-04-15","10.5667","1019.9000","0.0000","69.0000","5.0000"
"84e80605a4","2020-04-16","17.8028","1015.1500","0.0007","65.5000","55.5000"
"84e80605a4","2020-04-17","9.4167","1020.2000","0.0000","84.0000","35.0000"
"84e80605a4","2020-04-19","25.9778","1002.8000","0.0047","63.0000","70.0000"
"84e80605a4","2020-04-22","18.0444","1006.1000","0.0018","75.0000","0.0000"
"856d41cc60","2020-04-15","8.9963","1013.9000","0.0009","33.6667","26.6667"
"856d41cc60","2020-04-16","7.6111","1019.0000","0.0010","34.0000","9.0000"
"856d41cc60","2020-04-17","10.2500","1022.4000","0.0007","29.0000","74.0000"
"856d41cc60","2020-04-18","5.9306","1010.7500","0.0033","73.5000","51.0000"
"856d41cc60","2020-04-19","11.5556","1008.0500","0.0000","61.5000","48.0000"
"856d41cc60","2020-04-20","9.3833","1004.6333","0.0012","64.6667","65.6667"
"856d41cc60","2020-04-21","7.9000","1002.4000","0.0169","68.0000","52.0000"
"856d41cc60","2020-04-22","7.1278","1011.8000","0.0013","32.0000","13.0000"
"856d41cc60","2020-04-23","6.8667","1014.3000","0.0063","81.0000","91.0000"
"856d41cc60","2020-04-25","11.2194","1019.0000","0.0000","70.0000","59.5000"
"856d41cc60","2020-04-26","7.1694","1007.4000","0.0152","85.5000","99.5000"
"856d41cc60","2020-04-27","9.2056","1012.7000","0.0020","69.0000","100.0000"
"856d41cc60","2020-04-28","15.0889","1019.4000","0.0018","41.0000","1.0000"
"856d41cc60","2020-04-30","11.0389","1007.1000","0.0464","91.0000","100.0000"
"856d41cc60","2020-05-01","12.6111","1003.9000","0.0287","95.0000","89.0000"
"856d41cc60","2020-05-02","18.4500","1013.6000","0.0000","44.0000","23.0000"
"856d41cc60","2020-05-03","15.3333","1004.8000","0.0016","77.0000","80.0000"
"856d41cc60","2020-05-04","12.7944","1008.7500","0.0004","57.5000","26.0000"
"856d41cc60","2020-05-05","12.6778","1013.1000","0.0001","43.5000","44.5000"
"856d41cc60","2020-05-06","8.1315","1009.5333","0.0025","79.3333","74.6667"
"856d41cc60","2020-05-07","14.1167","1008.9500","0.0000","44.0000","2.5000"
"8633d50fa7","2020-05-03","19.8056","1009.8000","0.0000","31.0000","76.0000"
"8633d50fa7","2020-05-06","15.5444","1015.3000","0.0008","25.0000","21.0000"
"8633d50fa7","2020-05-08","0.3722","1020.1000","0.0018","42.0000","8.0000"
"89ec5a2500","2020-04-16","16.1389","1016.7000","0.0000","55.0000","41.0000"
"974d68bcdd","2020-05-11","18.4222","1017.6000","0.0003","57.0000","56.0000"
"974d68bcdd","2020-05-12","12.8944","1015.1000","0.0000","73.0000","16.0000"
"982ec78569","2020-05-02","4.7056","1018.0000","0.0000","67.0000","0.0000"
"982ec78569","2020-05-03","23.9833","1010.3000","0.0015","34.0000","63.0000"
"982ec78569","2020-05-04","13.7889","1013.6000","0.0126","84.0000","99.0000"
"982ec78569","2020-05-05","13.9056","1010.8000","0.0239","82.0000","100.0000"
"982ec78569","2020-05-06","13.9611","1005.6000","0.0000","86.0000","52.0000"
"985cf692d0","2020-04-23","18.3667","1016.2000","0.0000","23.0000","16.0000"
"985cf692d0","2020-05-01","15.5167","1006.9000","0.0048","79.0000","91.0000"
"9871ee5e7b","2020-03-27","7.8333","1016.9000","0.0002","68.0000","87.0000"
"9871ee5e7b","2020-03-28","3.2389","1019.5000","0.0002","73.0000","55.0000"
"9871ee5e7b","2020-03-29","12.4667","1016.2000","0.0046","63.0000","87.0000"
"9871ee5e7b","2020-03-30","3.9611","1018.3000","0.0007","70.0000","97.0000"
"9871ee5e7b","2020-03-31","9.6611","1019.9000","0.0000","38.0000","1.0000"
"9871ee5e7b","2020-04-02","7.8944","1014.2000","0.0003","69.5000","55.0000"
"9871ee5e7b","2020-04-03","10.6500","1016.9000","0.0000","48.0000","33.0000"
"9871ee5e7b","2020-04-04","9.6667","1022.3000","0.0000","59.0000","6.0000"
"9871ee5e7b","2020-04-05","17.5806","1020.7500","0.0000","40.5000","3.0000"
"9871ee5e7b","2020-04-07","14.3056","1028.9000","0.0000","55.0000","0.0000"
"9871ee5e7b","2020-04-08","14.7194","1026.1000","0.0002","57.5000","11.0000"
"9871ee5e7b","2020-04-09","9.3944","1025.3000","0.0003","73.0000","32.0000"
"9871ee5e7b","2020-04-10","16.9611","1023.3000","0.0002","58.0000","0.0000"
"9871ee5e7b","2020-04-13","10.7611","1016.3000","0.0004","73.0000","96.0000"
"9871ee5e7b","2020-04-14","7.2389","1017.5000","0.0000","82.0000","42.0000"
"9871ee5e7b","2020-04-15","11.3306","1022.3000","0.0000","49.5000","0.0000"
"9871ee5e7b","2020-04-16","7.8278","1022.3000","0.0000","81.0000","60.0000"
"9871ee5e7b","2020-04-17","15.9833","1017.7000","0.0002","58.0000","63.0000"
"9871ee5e7b","2020-04-18","14.9333","1017.3500","0.0007","65.0000","61.5000"
"9871ee5e7b","2020-04-20","15.3556","1008.1000","0.0000","72.0000","99.0000"
"9871ee5e7b","2020-04-21","11.2222","1008.8000","0.0000","82.0000","100.0000"
"9871ee5e7b","2020-04-22","9.0222","1014.0000","0.0000","88.0000","29.0000"
"9871ee5e7b","2020-04-25","13.6417","1011.4500","0.0004","75.5000","23.5000"
"9871ee5e7b","2020-04-26","11.2056","1009.4000","0.0053","85.0000","96.0000"
"9871ee5e7b","2020-04-28","14.0167","1009.1000","0.0057","64.0000","99.0000"
"9871ee5e7b","2020-05-01","8.5500","1011.4000","0.0047","80.0000","99.0000"
"9871ee5e7b","2020-05-05","15.6417","1014.4000","0.0131","79.0000","100.0000"
"9871ee5e7b","2020-05-07","8.0333","1023.3000","0.0000","77.0000","0.0000"
"997f44d61a","2020-05-04","14.6278","1007.8000","0.0003","76.0000","86.0000"
"997f44d61a","2020-05-05","12.2778","1015.4000","0.0000","52.0000","64.0000"
"997f44d61a","2020-05-06","10.5000","1009.5000","0.0000","98.0000","92.0000"
"997f44d61a","2020-05-08","16.3444","1014.0000","0.0019","58.0000","88.0000"
"997f44d61a","2020-05-09","9.4111","1013.7000","0.0009","93.0000","34.0000"
"997f44d61a","2020-05-11","12.7667","1013.4000","0.0017","85.0000","100.0000"
"9b4a5ded49","2020-04-16","6.5111","1017.4000","0.0000","84.0000","21.0000"
"9b4a5ded49","2020-04-17","10.1111","1021.1000","0.0000","64.0000","63.0000"
"9b4a5ded49","2020-04-18","4.9667","1020.7000","0.0000","80.0000","86.0000"
"9b4a5ded49","2020-04-19","9.0944","1023.3000","0.0000","66.0000","54.0000"
"9b4a5ded49","2020-04-20","6.0389","1023.9000","0.0000","75.0000","0.0000"
"9b4a5ded49","2020-04-21","11.2000","1022.4000","0.0000","62.0000","0.0000"
"9b4a5ded49","2020-04-22","13.8333","1024.7000","0.0000","62.0000","97.0000"
"9b4a5ded49","2020-04-23","9.6500","1023.9000","0.0000","68.0000","99.0000"
"9b4a5ded49","2020-04-24","4.8222","1018.8000","0.0000","85.0000","97.0000"
"9b4a5ded49","2020-04-25","10.2278","1016.4000","0.0000","63.0000","18.0000"
"9b4a5ded49","2020-04-26","19.0222","1009.5000","0.0000","44.0000","17.0000"
"9b4a5ded49","2020-04-27","9.9389","1008.3000","0.0000","62.0000","99.0000"
"9b4a5ded49","2020-04-29","5.5222","1003.3000","0.0000","88.0000","97.0000"
"9b4a5ded49","2020-04-30","6.4833","990.8000","0.0000","95.0000","68.0000"
"9b4a5ded49","2020-05-01","10.9056","995.8000","0.0000","85.0000","11.0000"
"9b4a5ded49","2020-05-02","9.5889","1005.7000","0.0000","78.0000","44.0000"
"a1407c2fd2","2020-04-20","11.3065","1016.6333","0.0011","77.3333","12.6667"
"a1407c2fd2","2020-04-21","15.6411","1018.3200","0.0010","57.6000","5.2000"
"a1407c2fd2","2020-04-22","20.9222","1017.2000","0.0000","46.3333","1.0000"
"a1407c2fd2","2020-04-23","23.0533","1014.4800","0.0000","44.4000","5.8000"
"a1407c2fd2","2020-04-24","23.0111","1013.3500","0.0008","35.5000","10.0000"
"a1c2e6b2eb","2020-01-11","-1.8667","1014.1000","0.0102","100.0000","100.0000"
"a1c2e6b2eb","2020-01-13","1.6833","1005.0000","0.0032","95.0000","100.0000"
"a1c2e6b2eb","2020-02-18","2.9611","1010.7000","0.0000","88.0000","100.0000"
"a1c2e6b2eb","2020-02-22","-1.6833","1023.6000","0.0000","100.0000","47.0000"
"a1c2e6b2eb","2020-02-24","0.8167","994.4000","0.0010","86.0000","86.0000"
"a1c2e6b2eb","2020-02-27","0.5778","998.4000","0.0002","100.0000","98.0000"
"a1c2e6b2eb","2020-03-05","2.7722","1019.9000","0.0004","88.0000","100.0000"
"a1c2e6b2eb","2020-03-08","6.9222","1011.7000","0.0002","96.0000","100.0000"
"a1c2e6b2eb","2020-03-09","2.0889","1019.6000","0.0000","89.0000","61.0000"
"a1c2e6b2eb","2020-03-26","0.7722","1033.0000","0.0000","54.0000","37.0000"
"a1c2e6b2eb","2020-03-27","2.6444","1034.4000","0.0000","55.0000","1.0000"
"a1c2e6b2eb","2020-03-31","4.4222","1004.5000","0.0002","71.0000","100.0000"
"a1c2e6b2eb","2020-04-01","-5.9222","1018.5000","0.0000","68.0000","38.0000"
"a1c2e6b2eb","2020-04-02","0.4111","1002.0000","0.0041","94.0000","92.0000"
"a1c2e6b2eb","2020-04-03","2.5389","1004.2000","0.0010","88.0000","97.0000"
"a1c2e6b2eb","2020-04-05","-1.4000","1021.3000","0.0000","74.0000","44.0000"
"a1c2e6b2eb","2020-04-07","3.4222","1036.6000","0.0000","43.0000","0.0000"
"a1c2e6b2eb","2020-04-08","5.8111","1023.1000","0.0000","63.0000","17.0000"
"a1c2e6b2eb","2020-04-09","3.8389","1019.8000","0.0000","81.0000","5.0000"
"a1c2e6b2eb","2020-04-10","8.7111","1005.2000","0.0185","84.0000","99.0000"
"a1c2e6b2eb","2020-04-11","1.0333","1013.7000","0.0009","86.0000","0.0000"
"a1c2e6b2eb","2020-04-12","-1.1556","1021.0000","0.0000","75.0000","0.0000"
"a1c2e6b2eb","2020-04-13","1.9667","1015.3000","0.0000","59.0000","82.0000"
"a1c2e6b2eb","2020-04-15","2.6667","1005.5000","0.0000","57.0000","100.0000"
"a1c2e6b2eb","2020-04-17","2.0722","992.6000","0.0066","91.0000","96.0000"
"a1c2e6b2eb","2020-04-18","0.0278","1001.3000","0.0020","83.0000","19.0000"
"a1c2e6b2eb","2020-04-19","1.1889","1010.3000","0.0010","85.0000","92.0000"
"a1c2e6b2eb","2020-04-20","3.6417","1016.1500","0.0006","71.0000","27.0000"
"a1c2e6b2eb","2020-04-21","4.8056","1018.7500","0.0001","66.0000","1.0000"
"a1c2e6b2eb","2020-04-22","5.6315","1013.1333","0.0006","46.0000","83.6667"
"a1c2e6b2eb","2020-04-23","5.0333","1010.7667","0.0011","42.6667","81.6667"
"a1c2e6b2eb","2020-04-24","4.1389","1004.0333","0.0025","62.6667","98.3333"
"a1c2e6b2eb","2020-04-25","5.5278","996.7000","0.0060","81.0000","92.6667"
"a1c2e6b2eb","2020-04-26","5.6889","1002.0333","0.0000","51.0000","27.3333"
"a1c2e6b2eb","2020-04-27","5.0537","1004.3333","0.0005","47.3333","58.6667"
"a1c2e6b2eb","2020-04-28","5.1833","1008.1000","0.0002","50.5000","45.5000"
"a1c2e6b2eb","2020-04-29","10.6000","1000.1000","0.0003","48.5000","76.0000"
"a1c2e6b2eb","2020-04-30","5.5722","1012.0000","0.0000","63.0000","38.0000"
"a1c2e6b2eb","2020-05-01","5.4444","1016.4000","0.0004","69.5000","74.0000"
"a1c2e6b2eb","2020-05-02","9.0361","1015.8000","0.0000","53.0000","29.0000"
"a1c2e6b2eb","2020-05-03","11.2167","1013.0500","0.0029","71.5000","66.0000"
"a1c2e6b2eb","2020-05-04","14.5741","1013.3000","0.0066","77.3333","87.0000"
"a1c2e6b2eb","2020-05-05","16.9000","1008.8500","0.0123","66.5000","89.0000"
"a1c2e6b2eb","2020-05-06","15.6685","1004.3000","0.0073","79.0000","76.3333"
"a1c2e6b2eb","2020-05-07","15.1444","1002.3333","0.0004","77.0000","83.3333"
"a1c2e6b2eb","2020-05-09","12.0630","1010.9667","0.0002","61.0000","76.3333"
"a1c2e6b2eb","2020-05-10","12.8667","1005.5000","0.0006","59.6667","98.0000"
"a1c2e6b2eb","2020-05-11","11.8861","1008.0000","0.0000","50.5000","43.5000"
"a1c2e6b2eb","2020-05-12","13.6056","998.6000","0.0000","69.0000","37.0000"
"a2abba5d55","2020-05-04","24.1444","1009.6000","0.0206","100.0000","89.0000"
"a2abba5d55","2020-05-05","27.5000","1010.4600","0.0059","87.2000","83.6000"
"a2abba5d55","2020-05-06","27.6300","1011.9000","0.0261","89.2000","97.4000"
"a2abba5d55","2020-05-07","27.0333","1012.9600","0.0322","90.2000","83.8000"
"a2abba5d55","2020-05-08","24.2833","1015.0000","0.0221","100.0000","62.0000"
"a2abba5d55","2020-05-09","27.1528","1014.6500","0.0246","97.5000","91.5000"
"a62c11c164","2020-02-01","9.2278","1007.5000","0.0000","66.0000","54.0000"
"a62c11c164","2020-02-02","11.3472","1008.1500","0.0000","77.5000","98.0000"
"a62c11c164","2020-02-08","8.8500","1015.0000","0.0000","66.0000","28.0000"
"a62c11c164","2020-02-09","12.2611","992.1000","0.0025","84.0000","100.0000"
"a62c11c164","2020-02-10","5.7333","998.6000","0.0000","85.0000","92.0000"
"a62c11c164","2020-02-11","5.3944","1010.5000","0.0000","56.0000","6.0000"
"a62c11c164","2020-02-14","9.8389","1016.7000","0.0000","79.0000","100.0000"
"a62c11c164","2020-02-15","12.6833","999.3000","0.0060","81.0000","100.0000"
"a62c11c164","2020-02-16","11.7222","993.7000","0.0460","84.0000","99.0000"
"a62c11c164","2020-02-21","3.8500","1023.9000","0.0000","94.0000","94.0000"
"a62c11c164","2020-02-23","6.6056","1025.2000","0.0000","66.0000","100.0000"
"a62c11c164","2020-02-25","5.0167","996.5000","0.0050","78.0000","83.0000"
"a62c11c164","2020-02-27","3.2167","997.5000","0.0040","100.0000","100.0000"
"a62c11c164","2020-03-01","7.4111","989.9000","0.0000","61.5000","26.0000"
"a62c11c164","2020-03-02","5.2204","993.1000","0.0027","75.3333","47.6667"
"a62c11c164","2020-03-03","7.6778","1001.9000","0.0020","94.0000","99.0000"
"a62c11c164","2020-03-04","7.6778","1001.9000","0.0020","94.0000","99.0000"
"a62c11c164","2020-03-05","5.4056","996.5000","0.0000","83.0000","99.0000"
"a62c11c164","2020-03-06","3.3333","1002.4500","0.0000","84.0000","95.0000"
"a62c11c164","2020-03-07","9.9111","1011.2000","0.0000","74.0000","77.5000"
"a62c11c164","2020-03-08","9.4389","1006.2000","0.0000","69.0000","63.0000"
"a62c11c164","2020-03-09","8.9111","1013.9000","0.0000","70.0000","62.0000"
"a62c11c164","2020-03-10","14.5667","1005.1000","0.0000","77.0000","99.0000"
"a62c11c164","2020-03-11","11.6944","1011.5000","0.0000","72.0000","87.0000"
"a62c11c164","2020-03-14","13.0472","1012.7500","0.0000","61.5000","71.0000"
"a62c11c164","2020-03-15","9.7130","1009.2000","0.0010","77.3333","87.6667"
"a62c11c164","2020-03-16","5.2917","1022.3500","0.0000","75.5000","14.5000"
"a62c11c164","2020-03-18","11.5528","1024.8500","0.0000","84.0000","97.5000"
"a62c11c164","2020-03-19","7.9972","1027.0000","0.0000","76.0000","99.5000"
"a62c11c164","2020-03-20","7.7389","1029.2000","0.0000","66.3333","59.0000"
"a62c11c164","2020-03-21","7.2981","1026.2667","0.0000","52.6667","1.3333"
"a62c11c164","2020-03-22","8.3528","1027.5000","0.0000","47.0000","0.0000"
"a62c11c164","2020-03-23","5.0000","1027.8500","0.0000","54.5000","2.5000"
"a62c11c164","2020-03-24","8.1583","1026.5000","0.0000","50.0000","3.0000"
"a62c11c164","2020-03-25","13.8111","1024.2000","0.0000","25.0000","0.0000"
"a62c11c164","2020-03-27","8.6139","1023.9500","0.0000","57.5000","9.5000"
"a62c11c164","2020-03-29","5.0111","1034.7000","0.0000","65.0000","46.0000"
"a62c11c164","2020-03-30","5.6722","1033.9333","0.0000","71.0000","94.3333"
"a62c11c164","2020-04-01","10.6278","1022.7000","0.0000","44.0000","71.0000"
"a62c11c164","2020-04-02","10.3333","1016.2000","0.0000","62.0000","97.0000"
"a62c11c164","2020-04-03","9.9111","1018.5667","0.0000","56.0000","86.6667"
"a62c11c164","2020-04-04","9.3833","1020.9500","0.0000","71.0000","24.0000"
"a62c11c164","2020-04-05","14.1259","1014.0667","0.0000","54.6667","0.3333"
"a62c11c164","2020-04-06","12.5074","1025.0667","0.0017","69.3333","23.3333"
"a62c11c164","2020-04-07","15.2519","1030.7000","0.0000","50.0000","16.6667"
"a62c11c164","2020-04-08","18.5389","1024.4333","0.0000","51.0000","42.3333"
"a62c11c164","2020-04-09","15.8315","1025.2000","0.0000","58.6667","13.3333"
"a62c11c164","2020-04-10","18.8611","1024.9200","0.0000","54.0000","66.2000"
"a62c11c164","2020-04-11","19.8967","1022.4200","0.0000","48.2000","71.0000"
"a62c11c164","2020-04-12","19.6125","1013.8250","0.0000","43.7500","44.2500"
"a62c11c164","2020-04-13","9.2844","1025.6400","0.0000","56.4000","66.6000"
"a62c11c164","2020-04-14","7.3056","1028.5200","0.0000","55.8000","7.8000"
"a62c11c164","2020-04-15","12.1689","1022.4800","0.0000","48.2000","29.4000"
"a62c11c164","2020-04-16","16.0711","1016.1200","0.0000","49.8000","58.0000"
"a62c11c164","2020-04-17","11.3431","1016.4250","0.0051","66.2500","83.2500"
"a62c11c164","2020-04-18","11.5806","1017.6750","0.0000","73.5000","78.0000"
"a62c11c164","2020-04-19","12.8889","1019.8500","0.0000","56.8333","25.8333"
"a62c11c164","2020-04-20","14.1611","1017.1714","0.0000","44.1429","0.0000"
"a62c11c164","2020-04-21","14.4444","1017.4800","0.0000","47.4000","17.2000"
"a62c11c164","2020-04-22","15.6250","1019.8833","0.0000","50.1667","19.1667"
"a62c11c164","2020-04-23","16.4365","1019.2714","0.0000","51.5714","44.7143"
"a62c11c164","2020-04-24","13.8491","1016.4833","0.0000","58.6667","72.5000"
"a62c11c164","2020-04-25","12.2472","1015.1500","0.0000","61.7500","9.8750"
"a62c11c164","2020-04-26","15.1458","1011.6500","0.0000","47.7500","4.2500"
"a62c11c164","2020-04-27","15.4933","1007.0000","0.0000","50.2000","58.8000"
"a62c11c164","2020-04-28","8.3733","1004.5000","0.0500","84.8000","99.4000"
"a62c11c164","2020-04-29","11.0069","1001.1750","0.0050","89.2500","92.0000"
"a62c11c164","2020-04-30","9.2296","996.0000","0.0000","87.3333","76.3333"
"a62c11c164","2020-05-01","10.5611","999.1429","0.1224","78.2857","57.5714"
"a62c11c164","2020-05-02","13.0738","1010.4143","0.0000","57.0000","33.8571"
"a62c11c164","2020-05-03","12.9602","1016.7667","0.0010","58.6667","62.3333"
"a62c11c164","2020-05-04","12.2722","1019.4200","0.0000","65.6000","51.6000"
"a62c11c164","2020-05-05","11.0111","1021.7750","0.0000","57.7500","40.0000"
"a62c11c164","2020-05-06","10.9685","1025.4000","0.0000","63.6667","4.0000"
"a62c11c164","2020-05-07","18.8648","1021.6667","0.0000","46.3333","68.6667"
"a62c11c164","2020-05-08","18.9167","1017.8200","0.0000","47.2000","79.6000"
"a62c11c164","2020-05-09","20.5389","1011.6500","0.0000","40.3333","48.6667"
"a62c11c164","2020-05-10","12.5700","1011.7600","0.0000","60.0000","92.6000"
"a62c11c164","2020-05-11","9.3375","1020.5000","0.0000","49.7500","23.2500"
"a62c11c164","2020-05-12","6.5778","1022.9000","0.0000","69.0000","0.0000"
"aa036185e3","2020-04-30","8.7167","990.3800","0.0024","83.4000","80.8000"
"aa036185e3","2020-05-01","8.6583","995.2750","0.0030","82.0000","75.0000"
"aa036185e3","2020-05-02","10.8167","1010.3667","0.0015","71.6667","57.3333"
"aa036185e3","2020-05-03","9.8486","1016.6750","0.0006","77.0000","82.2500"
"aa036185e3","2020-05-04","10.8139","1021.1500","0.0010","69.7500","45.5000"
"aa036185e3","2020-05-05","8.4222","1025.6333","0.0000","69.6667","23.3333"
"aa036185e3","2020-05-06","10.2685","1026.5667","0.0000","64.6667","10.3333"
"aa036185e3","2020-05-07","11.7074","1019.0667","0.0002","60.0000","29.3333"
"aa036185e3","2020-05-08","14.5370","1016.9000","0.0000","69.3333","46.0000"
"aa036185e3","2020-05-09","12.0889","1013.8500","0.0000","80.0000","54.5000"
"aa036185e3","2020-05-10","5.5352","1021.8333","0.0044","64.6667","76.3333"
"aa036185e3","2020-05-11","6.8648","1026.3667","0.0000","55.6667","47.0000"
"aa036185e3","2020-05-12","4.4889","1021.6000","0.0000","80.0000","11.0000"
"ad41d5b79c","2020-04-17","6.4556","1022.0000","0.0004","36.0000","100.0000"
"ad41d5b79c","2020-04-20","7.2167","1007.2000","0.0005","48.0000","21.0000"
"ad41d5b79c","2020-04-21","2.6944","1007.9000","0.0016","46.0000","73.0000"
"ad41d5b79c","2020-04-22","4.3778","1013.9000","0.0015","38.0000","16.0000"
"ad41d5b79c","2020-04-23","5.8722","1016.1000","0.0039","47.0000","56.0000"
"ad41d5b79c","2020-04-25","11.0722","1018.3000","0.0000","48.0000","51.0000"
"ad41d5b79c","2020-04-26","8.2944","1014.3000","0.0198","80.0000","100.0000"
"ad41d5b79c","2020-04-27","6.8444","1020.3000","0.0005","67.0000","55.0000"
"ad41d5b79c","2020-04-29","19.2056","1011.9000","0.0013","58.0000","95.0000"
"ad41d5b79c","2020-04-30","15.3778","1003.9000","0.1278","93.0000","99.0000"
"ad41d5b79c","2020-05-01","10.7944","1011.3000","0.0007","84.0000","66.0000"
"ad41d5b79c","2020-05-04","7.2889","1013.7000","0.0020","71.0000","91.0000"
"ad41d5b79c","2020-05-05","8.0389","1016.2000","0.0011","31.0000","53.0000"
"ad41d5b79c","2020-05-06","4.7000","1011.7000","0.0010","68.0000","22.0000"
"ad41d5b79c","2020-05-07","11.8944","1007.9000","0.0041","49.0000","49.0000"
"ad41d5b79c","2020-05-08","5.0889","1009.8000","0.0009","43.0000","86.0000"
"b325aa1406","2020-04-17","5.7222","1009.8000","0.0512","88.0000","92.0000"
"b325aa1406","2020-04-18","5.0315","1012.4000","0.0067","77.0000","33.3333"
"b325aa1406","2020-04-19","13.4222","1007.4000","0.0000","53.5000","78.5000"
"b325aa1406","2020-04-20","6.3500","1005.5000","0.0011","75.0000","4.0000"
"b325aa1406","2020-04-21","2.4833","1007.5000","0.0007","63.0000","5.0000"
"b325aa1406","2020-04-22","6.4722","1016.2000","0.0000","43.0000","1.0000"
"b325aa1406","2020-04-23","6.2889","1011.6000","0.0572","91.0000","99.0000"
"b325aa1406","2020-04-25","15.9556","1018.2500","0.0003","53.0000","53.5000"
"b325aa1406","2020-04-28","8.8389","1021.0000","0.0006","75.0000","33.0000"
"b325aa1406","2020-04-29","10.2500","1021.1000","0.0723","88.0000","98.0000"
"b325aa1406","2020-05-03","18.3278","1004.3000","0.0027","72.0000","86.0000"
"b325aa1406","2020-05-05","9.8333","1013.4000","0.0000","57.0000","42.0000"
"b325aa1406","2020-05-07","10.5111","1010.4000","0.0010","67.0000","42.0000"
"b523b4512b","2020-05-09","13.1556","1020.2000","0.0000","23.0000","0.0000"
"b523b4512b","2020-05-11","10.5056","1022.2000","0.0000","43.0000","74.0000"
"cdf7848d2b","2020-04-21","12.5000","1018.8000","0.0000","58.0000","1.0000"
"cdf7848d2b","2020-04-22","9.3833","1021.5000","0.0000","77.0000","25.0000"
"cdf7848d2b","2020-04-23","18.1306","1020.3000","0.0000","50.5000","43.0000"
"cdf7848d2b","2020-04-24","12.2167","1017.5000","0.0000","68.0000","62.0000"
"cdf7848d2b","2020-04-26","12.0917","1013.2000","0.0000","66.5000","12.0000"
"cdf7848d2b","2020-04-27","9.7389","1007.7000","0.0000","77.0000","66.0000"
"cdf7848d2b","2020-04-28","6.3889","1004.7500","0.0370","95.5000","100.0000"
"cdf7848d2b","2020-04-30","6.7500","995.3000","0.0000","96.0000","61.0000"
"cdf7848d2b","2020-05-01","12.6722","997.6000","0.0000","79.0000","39.0000"
"cdf7848d2b","2020-05-02","11.7167","1008.8000","0.0000","76.0000","30.0000"
"cdf7848d2b","2020-05-04","11.3944","1019.9000","0.0000","79.0000","35.0000"
"cdf7848d2b","2020-05-05","9.4333","1021.5500","0.0000","67.5000","56.0000"
"cdf7848d2b","2020-05-06","8.2907","1026.9667","0.0000","68.6667","7.3333"
"cdf7848d2b","2020-05-07","8.5167","1024.7000","0.0000","78.0000","9.0000"
"cdf7848d2b","2020-05-09","21.8944","1013.0000","0.0000","46.0000","22.0000"
"cdf7848d2b","2020-05-12","7.8944","1022.2000","0.0000","71.0000","1.0000"
"cdfbcad405","2020-01-01","15.6222","1018.0000","0.0000","86.0000","15.0000"
"cdfbcad405","2020-01-03","7.7222","1025.7000","0.0015","81.0000","55.0000"
"cdfbcad405","2020-01-04","9.2722","1029.7000","0.0000","87.0000","82.0000"
"cdfbcad405","2020-01-05","7.1722","1033.2500","0.0001","78.5000","0.0000"
"cdfbcad405","2020-01-06","10.3000","1024.5000","0.0000","58.0000","9.0000"
"cdfbcad405","2020-01-08","8.7444","1015.7000","0.0018","95.0000","43.0000"
"cdfbcad405","2020-01-15","11.6444","1008.7000","0.0017","64.0000","85.0000"
"cdfbcad405","2020-01-17","21.4944","1026.9000","0.0000","72.0000","45.0000"
"cdfbcad405","2020-01-18","10.1389","1020.4000","0.0000","48.0000","0.0000"
"cdfbcad405","2020-01-19","2.3722","1029.4000","0.0000","50.0000","49.0000"
"cdfbcad405","2020-01-20","32.8778","1011.8000","0.0000","38.0000","77.0000"
"cdfbcad405","2020-01-21","-0.1444","1009.1000","0.0013","96.0000","97.0000"
"cdfbcad405","2020-01-23","16.6222","1018.5000","0.0006","45.0000","12.0000"
"cdfbcad405","2020-01-24","13.6528","1020.7000","0.0008","81.0000","83.5000"
"cdfbcad405","2020-01-27","16.8444","1027.6000","0.0000","65.0000","24.0000"
"cdfbcad405","2020-01-28","-6.0611","1011.3000","0.0010","88.0000","99.0000"
"cdfbcad405","2020-01-31","6.0306","1014.5500","0.0019","87.5000","49.5000"
"cdfbcad405","2020-02-01","6.3667","1024.9000","0.0120","88.0000","100.0000"
"cdfbcad405","2020-02-03","17.1278","1012.5000","0.0000","52.0000","95.0000"
"cdfbcad405","2020-03-04","14.9278","1010.9000","0.0004","31.0000","12.0000"
"cdfbcad405","2020-03-23","18.8278","1017.1000","0.0010","49.0000","31.0000"
"cdfbcad405","2020-03-25","4.2611","1018.9000","0.0005","80.0000","37.0000"
"cdfbcad405","2020-03-29","12.1333","1011.3000","0.0006","44.0000","81.0000"
"cdfbcad405","2020-04-16","3.0167","1014.1000","0.0000","45.0000","0.0000"
"cdfbcad405","2020-04-21","14.9833","1021.5000","0.0000","36.0000","0.0000"
"cdfbcad405","2020-04-23","24.1361","1018.7500","0.0003","33.5000","1.0000"
"cf7e50bcde","2020-04-30","28.2639","1008.7500","0.0095","81.0000","87.0000"
"cf7e50bcde","2020-05-01","31.2389","1010.2000","0.0074","77.0000","47.0000"
"cf7e50bcde","2020-05-02","26.7972","1009.6500","0.0263","86.0000","92.5000"
"cf7e50bcde","2020-05-03","28.8111","1009.9000","0.0056","81.0000","61.5000"
"cf7e50bcde","2020-05-04","28.7537","1009.6000","0.0101","79.3333","78.3333"
"cf7e50bcde","2020-05-05","29.4972","1009.3000","0.0100","77.0000","78.0000"
"cf7e50bcde","2020-05-06","29.0556","1011.6000","0.0000","74.0000","54.0000"
"cf7e50bcde","2020-05-07","30.7278","1011.6000","0.0002","69.0000","46.0000"
"cf7e50bcde","2020-05-09","28.3139","1009.8000","0.0428","80.0000","96.0000"
"cf7e50bcde","2020-05-12","28.2222","1009.4000","0.0040","81.5000","57.5000"
"d261d2085b","2020-04-20","5.3056","1017.9000","0.0014","63.0000","59.0000"
"d261d2085b","2020-04-21","0.8611","1019.2000","0.0000","80.0000","0.0000"
"d261d2085b","2020-04-25","7.2278","996.5000","0.0026","71.0000","99.0000"
"d40dc56a36","2020-04-22","10.2944","1019.9000","0.0219","93.0000","67.6667"
"d40dc56a36","2020-04-23","11.6278","1025.4500","0.0005","81.0000","78.5000"
"d40dc56a36","2020-04-24","12.8111","1022.7000","0.0009","80.0000","92.0000"
"d40dc56a36","2020-04-25","10.4528","1019.8000","0.0051","84.0000","75.5000"
"d40dc56a36","2020-04-26","19.9389","1016.0000","0.0012","39.0000","45.0000"
"d40dc56a36","2020-04-29","11.7333","1019.3000","0.0027","84.0000","80.0000"
"d40dc56a36","2020-04-30","4.4722","1019.9000","0.0002","93.0000","64.0000"
"d40dc56a36","2020-05-01","19.1389","1017.4000","0.0081","37.0000","47.0000"
"d40dc56a36","2020-05-03","12.1639","1024.5500","0.0030","64.0000","54.0000"
"d40dc56a36","2020-05-04","19.8944","1018.9000","0.0000","15.0000","2.0000"
"d40dc56a36","2020-05-05","19.1056","1018.0000","0.0010","54.0000","19.0000"
"d40dc56a36","2020-05-06","15.6889","1031.3000","0.0010","47.0000","38.0000"
"d40dc56a36","2020-05-07","21.0333","1022.5000","0.0000","29.0000","3.0000"
"d40dc56a36","2020-05-08","21.6639","1016.8500","0.0009","33.0000","9.5000"
"d40dc56a36","2020-05-09","12.7111","1013.0000","0.0022","84.0000","79.0000"
"d5ff8af5e8","2020-05-01","11.6556","1015.3000","0.0000","44.0000","72.0000"
"d5ff8af5e8","2020-05-02","11.3833","1016.6000","0.0000","42.0000","0.0000"
"d5ff8af5e8","2020-05-04","13.7556","1014.1000","0.0011","83.0000","91.0000"
"d9a11b91ce","2020-03-24","3.1444","1030.8000","0.0002","68.0000","87.0000"
"d9a11b91ce","2020-03-25","4.2222","1024.2000","0.0000","65.0000","78.0000"
"d9a11b91ce","2020-03-26","3.3722","1028.1000","0.0000","72.0000","86.0000"
"d9a11b91ce","2020-03-27","4.9056","1031.0000","0.0000","64.0000","8.0000"
"d9a11b91ce","2020-03-28","6.3222","1016.8000","0.0020","60.0000","59.0000"
"d9a11b91ce","2020-03-30","-2.3667","1019.3000","0.0000","58.0000","98.0000"
"d9a11b91ce","2020-04-05","0.5000","1025.1000","0.0000","64.0000","12.0000"
"d9a11b91ce","2020-04-06","5.8500","1022.7000","0.0000","67.0000","40.0000"
"d9a11b91ce","2020-04-07","7.6333","1018.1000","0.0000","68.0000","48.0000"
"d9a11b91ce","2020-04-08","5.2278","1024.9000","0.0000","77.0000","1.0000"
"d9a11b91ce","2020-04-09","5.8278","1006.5000","0.0006","73.0000","87.0000"
"d9a11b91ce","2020-04-10","3.2889","1016.4000","0.0004","75.0000","11.0000"
"d9a11b91ce","2020-05-05","11.7278","1015.7000","0.0012","65.0000","15.0000"
"d9a11b91ce","2020-05-10","10.9333","1006.8000","0.0000","58.0000","93.0000"
"da09fd67f1","2020-05-12","1.9944","998.5000","0.0076","92.0000","100.0000"
"dfdd7c0f3f","2020-02-20","-0.6333","1025.8000","0.0009","84.0000","88.0000"
"dfdd7c0f3f","2020-02-22","3.3889","1026.5000","0.0000","73.0000","45.0000"
"dfdd7c0f3f","2020-02-24","3.1222","1023.1000","0.0000","61.0000","49.0000"
"dfdd7c0f3f","2020-02-25","3.9667","1021.0000","0.0000","59.0000","47.0000"
"dfdd7c0f3f","2020-02-26","0.6500","1020.0000","0.0000","60.0000","1.0000"
"dfdd7c0f3f","2020-02-27","7.4000","1020.0000","0.0000","67.0000","77.0000"
"dfdd7c0f3f","2020-02-28","5.8944","1017.0000","0.0087","88.0000","79.0000"
"dfdd7c0f3f","2020-03-02","3.6667","1020.5000","0.0000","90.0000","1.0000"
"dfdd7c0f3f","2020-03-03","4.5889","1019.9000","0.0000","79.0000","0.0000"
"dfdd7c0f3f","2020-03-04","5.9000","1014.7000","0.0167","75.0000","79.0000"
"dfdd7c0f3f","2020-03-05","3.2167","1014.2000","0.0054","86.0000","100.0000"
"dfdd7c0f3f","2020-03-06","3.0889","1016.9000","0.0002","91.0000","94.0000"
"dfdd7c0f3f","2020-03-10","3.1500","1019.2000","0.0016","81.0000","100.0000"
"dfdd7c0f3f","2020-03-11","3.8222","1016.0000","0.0249","88.0000","100.0000"
"dfdd7c0f3f","2020-03-14","0.6111","1023.7000","0.0000","87.0000","10.0000"
"dfdd7c0f3f","2020-03-24","6.0444","1013.2000","0.0021","92.0000","100.0000"
"dfdd7c0f3f","2020-03-25","7.4333","1017.1000","0.0044","86.0000","63.0000"
"dfdd7c0f3f","2020-03-26","6.0944","1019.6000","0.0033","93.0000","71.0000"
"dfdd7c0f3f","2020-03-31","5.7389","1013.5000","0.0596","89.0000","100.0000"
"dfdd7c0f3f","2020-04-02","1.8444","1022.1000","0.0003","78.0000","0.0000"
"dfdd7c0f3f","2020-04-04","6.1833","1018.6000","0.0000","76.0000","2.0000"
"dfdd7c0f3f","2020-04-07","12.5444","1016.8000","0.0000","67.0000","22.0000"
"dfdd7c0f3f","2020-04-08","5.6944","1017.2000","0.0000","88.0000","28.0000"
"dfdd7c0f3f","2020-04-13","10.9167","1017.7000","0.0000","91.0000","47.0000"
"dfdd7c0f3f","2020-04-27","13.4056","1015.1000","0.0000","54.0000","0.0000"
"dfdd7c0f3f","2020-05-02","10.8333","1013.6000","0.0000","84.0000","23.0000"
"dfdd7c0f3f","2020-05-06","9.4500","1015.2000","0.0000","59.0000","17.0000"
"dfdd7c0f3f","2020-05-12","12.3556","1015.1000","0.0000","82.0000","1.0000"
"e1578ff865","2020-04-06","14.5056","1004.2000","0.0000","63.0000","79.0000"
"e1578ff865","2020-04-09","11.6611","1026.3000","0.0000","75.0000","98.0000"
"e19a41d536","2020-05-11","11.5333","1008.7000","0.0000","63.0000","53.0000"
"e19a41d536","2020-05-12","21.3556","996.7000","0.0001","51.0000","45.0000"
"ebf2c3cb63","2020-04-11","3.1667","1021.1500","0.0000","60.5000","26.5000"
"ebf2c3cb63","2020-04-12","1.4111","1016.6000","0.0000","81.0000","100.0000"
"ebf2c3cb63","2020-04-13","2.3333","993.4000","0.0014","76.0000","53.0000"
"ebf2c3cb63","2020-04-14","0.0500","993.7000","0.0018","92.0000","79.0000"
"ebf2c3cb63","2020-04-19","5.4444","1017.4000","0.0000","61.0000","11.0000"
"ebf2c3cb63","2020-04-20","8.0583","1024.1000","0.0004","66.5000","50.5000"
"ebf2c3cb63","2020-04-21","11.6444","1029.7000","0.0000","44.0000","0.0000"
"ebf2c3cb63","2020-04-24","8.4611","1002.5000","0.0008","57.0000","71.0000"
"ebf2c3cb63","2020-05-03","10.6444","1007.1000","0.0005","66.0000","55.0000"
"edfbf9f3b1","2020-04-30","6.8000","1011.8000","0.0000","59.0000","60.0000"
"f1ee313cd9","2020-04-29","2.6778","1008.2000","0.0003","82.0000","55.0000"
"f1ee313cd9","2020-05-02","9.5444","1002.3000","0.0049","83.0000","96.0000"
"f1ee313cd9","2020-05-04","9.0167","1014.3000","0.0103","57.0000","60.0000"
"f1ee313cd9","2020-05-07","12.1722","1016.2000","0.0000","49.0000","26.0000"
"f1ee313cd9","2020-05-09","6.7500","1013.7000","0.0004","86.0000","0.0000"
"f8b552df37","2020-04-29","7.7333","1004.6500","0.0009","44.5000","84.0000"
"f8b552df37","2020-05-01","10.3444","1015.4000","0.0000","44.0000","21.0000"
"f8b552df37","2020-05-02","10.0611","1017.2000","0.0000","43.0000","9.0000"
"f8b552df37","2020-05-04","15.4333","1014.2000","0.0013","77.0000","92.0000"
"f9edcb7056","2020-04-27","8.0444","1016.7333","0.0010","69.8333","53.0000"
"f9edcb7056","2020-04-28","12.7429","1021.4857","0.0003","56.4286","43.7143"
"f9edcb7056","2020-04-29","16.4847","1018.8000","0.0011","75.5000","70.5000"
"f9edcb7056","2020-04-30","17.5756","1011.4000","0.0229","94.8000","97.6000"
"f9edcb7056","2020-05-01","15.1889","1008.0800","0.0027","84.2000","36.2000"
"f9edcb7056","2020-05-02","17.0778","1016.9000","0.0003","52.0000","35.5000"
"f9edcb7056","2020-05-03","20.7704","1007.2000","0.0160","76.6667","67.5000"
"f9edcb7056","2020-05-04","14.8917","1010.8750","0.0006","55.2500","27.5000"
"f9edcb7056","2020-05-05","12.6000","1014.0600","0.0003","45.4000","76.4000"
"f9edcb7056","2020-05-06","9.0972","1008.7667","0.0034","78.5000","76.5000"
"f9edcb7056","2020-05-07","12.7361","1011.4500","0.0010","52.5000","15.0000"
"f9edcb7056","2020-05-08","9.3639","1009.9500","0.0023","63.0000","78.5000"
"f9edcb7056","2020-05-09","5.1250","1017.0250","0.0006","43.5000","3.0000"
"f9edcb7056","2020-05-10","11.8778","1018.9600","0.0006","49.2000","16.0000"
"f9edcb7056","2020-05-11","12.6167","1012.7000","0.0022","64.0000","42.0000"
"f9edcb7056","2020-05-12","9.6056","1020.7000","0.0014","58.0000","0.0000"
"fcf3ea75b0","2020-03-26","0.6611","1032.6000","0.0000","58.0000","34.0000"
"fcf3ea75b0","2020-03-27","11.4222","1014.6000","0.0000","63.0000","0.0000"
"fcf3ea75b0","2020-03-28","-3.9111","1030.7000","0.0000","86.0000","100.0000"
"fcf3ea75b0","2020-03-29","4.0389","1013.8000","0.0000","78.0000","97.0000"
"fcf3ea75b0","2020-03-30","5.6889","1004.4000","0.0000","66.0000","100.0000"
"fcf3ea75b0","2020-03-31","-3.4667","1012.3000","0.0112","84.0000","100.0000"
"fcf3ea75b0","2020-04-01","-5.8167","1012.9000","0.0000","76.0000","55.0000"
"fcf3ea75b0","2020-04-02","2.8556","1003.4000","0.0028","87.0000","99.0000"
"fcf3ea75b0","2020-04-03","2.1833","1005.9000","0.0005","86.0000","95.0000"
"fcf3ea75b0","2020-04-05","-0.7778","1021.3000","0.0000","69.0000","7.0000"
"fcf3ea75b0","2020-04-06","-2.3444","1030.1000","0.0000","64.0000","4.0000"
"fcf3ea75b0","2020-04-07","4.1167","1036.9000","0.0000","43.0000","0.0000"
"fcf3ea75b0","2020-04-08","6.1056","1016.0000","0.0000","58.0000","7.0000"
"fcf3ea75b0","2020-04-09","1.4944","1019.3000","0.0003","88.0000","1.0000"
"fcf3ea75b0","2020-04-10","7.5750","1008.9500","0.0067","73.5000","97.5000"
"fcf3ea75b0","2020-04-11","0.7472","1019.2000","0.0003","64.5000","24.5000"
"fcf3ea75b0","2020-04-12","6.7167","1018.7000","0.0000","33.0000","76.0000"
"fcf3ea75b0","2020-04-13","1.9667","1015.3000","0.0000","59.0000","82.0000"
"fcf3ea75b0","2020-04-14","10.5167","1001.1000","0.0007","50.5000","80.0000"
"fcf3ea75b0","2020-04-15","3.9833","1001.7500","0.0057","55.5000","92.5000"
"fcf3ea75b0","2020-04-16","1.0278","997.4000","0.0199","93.0000","96.0000"
"fcf3ea75b0","2020-04-17","1.3611","994.3000","0.0004","80.0000","86.0000"
"fcf3ea75b0","2020-04-18","0.0444","1003.0000","0.0000","84.0000","30.0000"
"fcf3ea75b0","2020-04-19","0.7389","1010.3000","0.0003","86.0000","96.0000"
"fcf3ea75b0","2020-04-20","-0.2111","1015.9000","0.0004","82.0000","10.0000"
"fcf3ea75b0","2020-04-21","1.4611","1019.2000","0.0002","78.0000","1.0000"
"fcf3ea75b0","2020-04-22","4.7444","1012.8000","0.0003","67.0000","76.0000"
"fcf3ea75b0","2020-04-23","1.7944","1013.7000","0.0003","53.0000","85.0000"
"fcf3ea75b0","2020-04-24","-1.5611","1007.4000","0.0004","67.0000","75.0000"
"fcf3ea75b0","2020-04-25","4.7139","997.9000","0.0001","80.0000","83.0000"
"fcf3ea75b0","2020-04-26","-0.4611","1001.1000","0.0000","73.0000","2.0000"
"fcf3ea75b0","2020-04-27","-0.7444","1004.4000","0.0000","60.0000","31.0000"
"fcf3ea75b0","2020-04-28","0.0444","1007.2000","0.0000","75.0000","32.0000"
"fcf3ea75b0","2020-04-29","6.4944","1003.8000","0.0065","50.0000","100.0000"
"fcf3ea75b0","2020-04-30","8.8167","1013.7000","0.0000","64.0000","3.0000"
"fcf3ea75b0","2020-05-01","3.4111","1015.2000","0.0000","74.0000","85.0000"
"fcf3ea75b0","2020-05-02","2.3944","1017.5000","0.0000","71.0000","1.0000"
"fcf3ea75b0","2020-05-03","9.3278","1013.9000","0.0028","73.0000","81.0000"
"fcf3ea75b0","2020-05-04","15.9528","1012.3000","0.0079","68.0000","73.5000"
"fcf3ea75b0","2020-05-05","16.3167","1009.3000","0.0027","72.5000","92.0000"
"fcf3ea75b0","2020-05-06","12.0389","1006.7000","0.0000","92.0000","57.0000"
"fcf3ea75b0","2020-05-07","11.0222","1000.2000","0.0000","92.0000","73.0000"
"fcf3ea75b0","2020-05-08","8.0778","1007.4000","0.0008","83.0000","20.0000"
"fcf3ea75b0","2020-05-09","8.6444","1012.9000","0.0005","76.0000","93.0000"
"fcf3ea75b0","2020-05-10","12.5611","1004.3000","0.0003","57.0000","100.0000"
"fcf3ea75b0","2020-05-11","11.5333","1008.7000","0.0000","63.0000","53.0000"
"fde84801d8","2020-04-24","8.5593","1005.1000","0.0007","50.3333","98.6667"
"fde84801d8","2020-04-25","12.1444","999.2333","0.0012","51.0000","77.6667"
"fde84801d8","2020-04-26","14.7653","999.8500","0.0007","40.7500","98.7500"
"fde84801d8","2020-04-27","7.8917","999.6500","0.0332","78.5000","97.5000"
"fde84801d8","2020-04-28","6.8204","1008.3333","0.0051","56.0000","43.6667"
"fde84801d8","2020-04-29","12.8037","1007.8667","0.0002","47.6667","72.0000"
"fde84801d8","2020-04-30","14.7681","1008.8750","0.0046","52.7500","91.2500"
"fde84801d8","2020-05-01","11.8083","1010.8500","0.0011","64.0000","51.5000"
"fde84801d8","2020-05-02","12.6315","1014.1333","0.0015","68.6667","67.0000"
"fde84801d8","2020-05-03","16.6815","1015.1000","0.0002","61.3333","80.3333"
"fde84801d8","2020-05-04","20.3278","1014.4000","0.0007","42.6667","90.6667"
"fde84801d8","2020-05-05","20.2611","1011.4333","0.0030","48.6667","75.6667"
"fde84801d8","2020-05-06","15.5500","1006.4000","0.0083","84.0000","91.7500"
"fde84801d8","2020-05-07","20.3944","1005.6000","0.0034","55.5000","93.5000"
"fde84801d8","2020-05-08","14.1736","1008.2500","0.0054","68.5000","100.0000"
"fde84801d8","2020-05-09","13.2111","1008.1000","0.0041","72.0000","86.6667"
"fde84801d8","2020-05-10","9.0431","1001.2000","0.0142","89.5000","100.0000"
"fde84801d8","2020-05-11","12.9250","1007.5250","0.0003","71.2500","85.2500"
"fde84801d8","2020-05-12","7.8389","1008.4000","0.0000","87.0000","0.0000"
"fe5ca7e4ea","2020-05-02","24.5944","1015.2000","0.0002","56.0000","47.0000"
